Carimbo de data/hora,Você estudou na ETEC Ferraz de Vasconcelos?,Qual ano você se formou?,Qual curso fez?,Descreva as lembranças do período que esteve na ETEC,"Quais habilidades você desenvolveu no período que esteve na ETEC e que levou para vida?
(é possível escolher mais de uma opção)",Comente pontos positivos da vivência na ETEC,Comente pontos negativos da vivência na ETEC,"Dentre as opções abaixo, como você classifica o período que esteve na ETEC?",Obrigado por responder =)
07/02/2023 17:08:21,Sim,2012,Ensino Médio Regular,"Casa aberta, festas despedidas, teatros, show de talentos, Semana Paulo freire. 
Uma atividade que gostei foi da semana Paulo Freire, uma prof de história pediu para apresentarmos qualquer tema que tivesse interesse. Meu grupo apresentou sobre a história do Super Mario World rs. Outro momento que marcou foram as olimpíadas, na época o prof William ainda não era o diretor. Foi uma experiência muito boa!","Aprender a aprender, Capacidade de coordenação, Capacidade de resolução de problemas, Comunicação e Oratória, Consciência Social e Cultural, Criatividade, Flexibilidade para negociar, Gestão de tempo, Inteligência Emocional, Pensamento crítico, Resiliência, Tomada de decisão, Trabalho em equipe","1. Desenvolvi habilidades sociais que alguns alunos de outras instituições não tiveram.
2. Fui incentivada a ser curiosa e sempre pesquisar as coisa.
3. Aprendi outras formas de estudar.
4. Desenvolvi habilidades de realizar multi tarefas, o que foi útil na graduação.
5. Desenvolvi habilidades de cooperação e liderança para trabalhar com grupos, o que contribuiu para meu bom desempenho no trabalho atual (como psicóloga)","Na época em que estudei: 
1. O prédio não tinha todas as condições que apresenta hoje em relação a segurança, a infraestrutura, espaço, etc.
2. Já tive professor que não tinha muita habilidade para dar aula, e isso prejudicou a turma de forma significativa.
3. No final do último ano ficamos um bom tempo sem professor de história, de certa forma me senti perdida e prejudicada na época. 
",Foi positiva e extremamente vantajosa,
07/02/2023 17:15:34,Sim,2019,Ensino Médio Regular,,"Pensamento crítico, Resiliência, Tomada de decisão, Trabalho em equipe",,,Foi positiva e pouco vantajosa,
07/02/2023 17:20:13,Sim,2019,Ensino Médio Regular,"Bons conteudos, ambiente agradavel","Aprender a aprender, Capacidade de resolução de problemas, Pensamento crítico, Resiliência",Me preparou para muitos cenários,,Foi positiva e vantajosa,
07/02/2023 17:27:14,Sim,2011,Ensino Médio Regular,"Lembro dos trabalhos da escola, o incentivo para o teatro, as apresentações, semana de provas, foi um tempo de muito estudo, principalmente para mim que sai de escola pública.","Consciência Social e Cultural, Pensamento crítico, Resiliência, Tomada de decisão, Trabalho em equipe","Os alunos que se davam super bem, o incentivo a leitura, ao pensamento crítico, a gostar de estudar.","Acho que o único ponto negativo era que a estrutura deixava muito a desejar devido a falta de uma quadra, laboratórios e por aí vai.",Foi positiva e vantajosa,
07/02/2023 17:27:20,Sim,2020,Ensino Médio Regular,,"Aprender a aprender, Capacidade de resolução de problemas, Comunicação e Oratória, Consciência Social e Cultural, Pensamento crítico, Tomada de decisão, Trabalho em equipe",,,Foi positiva e vantajosa,
07/02/2023 17:41:29,Sim,2012,Ensino Médio Regular,"Do esforço dos professores para nos prepararem para o que estava por vir, principalmente no período pré-vestibular. Das atividades extras, como a casa aberta (acho que era esse o nome) que tinham salas temáticas com atividades e tals. Festas juninas, show de talentos, etc. ","Comunicação e Oratória, Criatividade, Pensamento crítico, Trabalho em equipe","Esforço dos professores, matérias fora da grade de escola pública padrão (espanhol, por exemplo), atividades diferenciadas (casa aberta, show de talentos), possibilidade de cursar um técnico durante o ensino médio e ter uma perspectiva de profissão a seguir quando a escola acabasse.","Sistema de notas, até hoje acho um pouco confuso o sistema adotado. Não sei se mudou, mas notas por competências e não uma somatório numérica como estamos acostumados. A Akiko nunca me deu um MB, mesmo tirando todas as competências nas provas dela, por exemplo. ",Foi positiva e extremamente vantajosa,
07/02/2023 19:14:49,Sim,2012,Ensino Médio Integrado ao Técnico em Logística,"Descobertas, carreira, amigos, socialização…","Aprender a aprender, Capacidade de coordenação, Capacidade de resolução de problemas, Comunicação e Oratória, Consciência Social e Cultural, Criatividade, Pensamento crítico, Resiliência, Trabalho em equipe",Encaminha muito os estudantes pra frente,Falta de infraestrutura,Foi positiva e extremamente vantajosa,
07/02/2023 19:33:47,Sim,2013,Ensino Médio Regular,"Semana Paulo Freire, show de talentos, aulas da Meirione ❤️","Capacidade de resolução de problemas, Comunicação e Oratória, Consciência Social e Cultural, Criatividade, Inteligência Emocional, Pensamento crítico, Resiliência, Tomada de decisão, Trabalho em equipe","Foi na ETEC que desenvolvi habilidades de apresentação de seminários, que posteriormente me ajudaram muito na faculdade.","Apesar de ter tido um excelente ensino, foi a escola em que mais sofri bullying na vida.",Foi negativa e vantajosa,
07/02/2023 20:12:56,Sim,2012,Ensino Médio Regular,"Ensino totalmente diferente do que eu já tinha tido antes mesmo vindo de escola particular, professores dedicados e sempre pensando no bem estar dos alunos (mais tinha professor ruim também kkkk) ","Aprender a aprender, Consciência Social e Cultural, Criatividade, Tomada de decisão, Trabalho em equipe",Sai da minha bolha de escola particular e pude conhecer outros horizontes ,Falta de estrutura em alguns quesitos,Foi positiva e vantajosa,
07/02/2023 20:30:19,Sim,2019,Ensino Médio Regular,,"Aprender a aprender, Capacidade de coordenação, Capacidade de resolução de problemas, Comunicação e Oratória, Consciência Social e Cultural, Criatividade, Gestão de tempo, Inteligência Emocional, Pensamento crítico, Resiliência, Tomada de decisão, Trabalho em equipe",,,Foi positiva e extremamente vantajosa,
07/02/2023 20:48:43,Sim,2011,Ensino Médio Regular,"Lembranças incríveis, um dos melhores períodos da minha vida! ","Aprender a aprender, Capacidade de resolução de problemas, Comunicação e Oratória, Consciência Social e Cultural, Criatividade, Pensamento crítico, Resiliência, Tomada de decisão, Trabalho em equipe","Muitos, sem dúvidas me tornei uma pessoa melhor. ","Episódios de homofobia por parte de alguns alunos e alguns membros da condenação, um dos pontos mais marcantes, porém o acolhimento foi maior.",Foi positiva e extremamente vantajosa,
07/02/2023 22:01:32,Sim,2011,Ensino Médio Regular,,"Aprender a aprender, Capacidade de resolução de problemas, Comunicação e Oratória, Consciência Social e Cultural, Criatividade, Trabalho em equipe",,,Foi positiva e vantajosa,
07/02/2023 22:03:16,Sim,2012,Ensino Médio Regular,"Professores dedicados, trabalhos multidisciplinares, oportunidades de experimentar profissões, seja na produção de documentários, na encenação de uma peça ou até mesmo preparando uma aula.","Aprender a aprender, Capacidade de coordenação, Capacidade de resolução de problemas, Comunicação e Oratória, Consciência Social e Cultural, Criatividade, Flexibilidade para negociar, Inteligência Emocional, Pensamento crítico, Resiliência, Tomada de decisão, Trabalho em equipe",Trabalhos em equipe com liberdade criativa e avaliações em mais de aspecto.,Matérias de exatas com poucas oportunidades laboratoriais e de aplicações praticas...,Foi positiva e extremamente vantajosa,
07/02/2023 22:16:40,Sim,2014,Ensino Médio Integrado ao Técnico em Administração,,"Aprender a aprender, Capacidade de resolução de problemas, Comunicação e Oratória, Resiliência, Trabalho em equipe",Corpo docente,Infraestrutura,Foi positiva e extremamente vantajosa,
08/02/2023 07:59:02,Sim,2014,Ensino Médio com Habilitação Profissional de Técnico em Administração - (M-Tec),,"Aprender a aprender, Capacidade de coordenação, Capacidade de resolução de problemas, Comunicação e Oratória, Consciência Social e Cultural, Criatividade, Flexibilidade para negociar, Gestão de tempo, Inteligência Emocional, Pensamento crítico, Resiliência, Tomada de decisão, Trabalho em equipe",,,Foi positiva e extremamente vantajosa,
08/02/2023 12:39:57,Sim,2019,Ensino Médio Regular,"Em geral eram boas com pessoas legais e inteligentes, mas ao mesmo tempo via muitas pessoas ""ruins"" ou que não se encaixavam ali, alem da pessima administração do lugar.","Comunicação e Oratória, Consciência Social e Cultural, Inteligência Emocional, Pensamento crítico, Trabalho em equipe","Desenvolvimento de técnicas e pensamentos, aprender a lidar com pessoas e convivência, trabalho em grupo forçado, nos fazendo a aprender, liberdade para os alunos muito boa comparado a outros institutos.","Negligência com alunos do EM Regular, poucos profissionais realmente bons e apaixonados, laboratório inexistente, falta de comunicação.",Foi positiva e vantajosa,
08/02/2023 12:47:47,Sim,2014,Ensino Médio Integrado ao Técnico em Administração,"Minha melhor lembrança é o tempo que ficava com os amigos. Sendo em tempo integral,a convivência era muito longa e intensa, possibilitando proximidade íntima com os colegas.","Aprender a aprender, Capacidade de coordenação, Capacidade de resolução de problemas, Comunicação e Oratória, Criatividade, Flexibilidade para negociar, Gestão de tempo, Resiliência, Tomada de decisão, Trabalho em equipe","Amizades duradouras, desenvolvimento de: habilidades de trabalho, resiliência a jornadas longas, planejamento e gestão de tempo.","Matérias pouco úteis para a vida posterior (mas por conta do currículo do MEC), poucos recursos no espaço físico durante minha passagem pela instituição, pouca atenção às línguas estrangeiras na grade curricular.",Foi positiva e vantajosa,
08/02/2023 14:17:59,Sim,2021,Ensino Médio Regular,"Um lugar onde fui muito feliz, me diverti e me senti em casa ","Aprender a aprender, Consciência Social e Cultural, Pensamento crítico, Resiliência","Boas aulas, boa comunicação com os docentes e ótimo aproveitamento das matérias ",Nenhum,Foi positiva e vantajosa,
08/02/2023 15:55:55,Sim,2016,Técnico em Segurança do Trabalho,"Foi incrível, saudades ","Aprender a aprender, Capacidade de coordenação, Capacidade de resolução de problemas, Comunicação e Oratória, Consciência Social e Cultural, Criatividade, Inteligência Emocional, Pensamento crítico, Resiliência, Tomada de decisão, Trabalho em equipe",Me tornou um ser humano melhor ,"Só um ponto, a gente brigava pra ter mais lanchinho ",Foi positiva e extremamente vantajosa,
08/02/2023 17:29:01,Sim,2016,Técnico em Logística,"Amizade e acima de tudo conhecimento gigantesco, com isso me fez ter um norte da pessoa e profissional que me tornei hoje.","Aprender a aprender, Capacidade de coordenação, Capacidade de resolução de problemas, Comunicação e Oratória, Consciência Social e Cultural, Criatividade, Flexibilidade para negociar, Gestão de tempo, Inteligência Emocional, Pensamento crítico, Resiliência, Tomada de decisão, Trabalho em equipe",Direção e coordenação em geral super disponíveis para nós ajudar sempre....corpo docente sem igual.,Nenhum,Foi positiva e extremamente vantajosa,
08/02/2023 21:20:33,Sim,2016,Ensino Médio Integrado ao Técnico em Administração,Acolhimento emocional dos professores e alunos em um período muito difícil da minha vida. Prédio antigo alagado. Brigas do interclasse. ,"Aprender a aprender, Capacidade de coordenação, Capacidade de resolução de problemas, Comunicação e Oratória, Consciência Social e Cultural, Criatividade, Inteligência Emocional, Pensamento crítico, Tomada de decisão, Trabalho em equipe",Professores competentes e dedicados,Não ter oportunidade de trabalhar,Foi positiva e vantajosa,
10/02/2023 21:24:41,Sim,2017,Técnico em Logística,O professor Luiz Alexandre tirava um ponto toda vez que eu respirava ,"Aprender a aprender, Comunicação e Oratória, Consciência Social e Cultural, Flexibilidade para negociar, Pensamento crítico, Tomada de decisão, Trabalho em equipe","Professores excelentes, explicação excepcional e conteúdo incrível ",Falta de segurança ,Foi positiva e extremamente vantajosa,
13/02/2023 07:16:01,Sim,2013,Técnico em Logística,Aulas muito boas e recordações importantes com os amigos,"Comunicação e Oratória, Criatividade, Trabalho em equipe",,"A estrutura na época não favorecia tanto, faltava laboratórios e alguns equipamentos para a escola",Foi positiva e extremamente vantajosa,
13/02/2023 21:49:37,Sim,2014,Ensino Médio Integrado ao Técnico em Administração,"A proximidade que a gente tinha com os professores, víamos que todos estavam empenhados em fazer o melhor pelos alunos. Era sensacional! ","Aprender a aprender, Consciência Social e Cultural, Pensamento crítico, Tomada de decisão, Trabalho em equipe","O aprendizado, o foco em ir bem no Enem e nos vestibulares, a convivência com os professores. ",Não tinha pontos negativos.,Foi positiva e extremamente vantajosa,
13/02/2023 22:05:03,Sim,2019,Técnico em Segurança do Trabalho,"Os professores, o respeito, a atenção ","Aprender a aprender, Capacidade de coordenação, Capacidade de resolução de problemas, Comunicação e Oratória, Consciência Social e Cultural, Criatividade, Flexibilidade para negociar, Gestão de tempo, Inteligência Emocional, Pensamento crítico, Resiliência, Tomada de decisão, Trabalho em equipe",O respeito.. pessoas realmente interessada com o aprendizado do aluno ,"A estrutura do predio poderia ser mais ampla, ter mais espaço a comunidade, espaço cultural ",Foi positiva e extremamente vantajosa,
13/02/2023 22:18:48,Sim,2021,Técnico em Admnistração,,"Aprender a aprender, Capacidade de resolução de problemas, Comunicação e Oratória, Consciência Social e Cultural, Criatividade, Gestão de tempo, Tomada de decisão, Trabalho em equipe",,,Foi positiva e vantajosa,
13/02/2023 22:21:18,Sim,2013,Ensino Médio Regular,"Gostava do fato de que geral tava empenhado em estudar, e fazer coisas da vida, bem diferente de outros jovens da epoca","Aprender a aprender, Comunicação e Oratória, Consciência Social e Cultural, Criatividade, Gestão de tempo, Pensamento crítico, Trabalho em equipe","A minha turma era incrivel e ainda mantenho contato com o pessoal, a escola nao tinha de forma presente o bullying, tinha um ambiente agradavel, o pessoal gostava de estar lá, fiz amigos incriveis e tive um futuro otimo gracas aos incentivos dos professores e colegas","hoje em dia nao lembro de algo que nao gostava, mas tinha alguns incomodos da epoca, como alunos que andavam 4km pra vir pra escola e ficavam com fome ate chegar em casa, isso me dava uma agonia na epoca. ",Foi positiva e extremamente vantajosa,
13/02/2023 22:34:18,Sim,2013,Ensino Médio Regular,"Me lembro do ensino de altíssima qualidade e dos amigos em momento especiais, como a semana Paulo Freire e os interclasses de futebol.","Aprender a aprender, Comunicação e Oratória, Consciência Social e Cultural, Trabalho em equipe","O ensino diferenciado, com avaliações por conceitos. ",O prédio escolar não era adequado. ,Foi positiva e extremamente vantajosa,
13/02/2023 22:47:49,Sim,2017,Ensino Médio com Habilitação Profissional de Técnico em Administração - (M-Tec),,"Aprender a aprender, Capacidade de resolução de problemas, Comunicação e Oratória, Gestão de tempo, Inteligência Emocional, Tomada de decisão",,,Foi positiva e vantajosa,
13/02/2023 22:53:25,Sim,2014,Ensino Médio Integrado ao Técnico em Administração,,"Aprender a aprender, Comunicação e Oratória, Consciência Social e Cultural, Criatividade, Gestão de tempo, Trabalho em equipe",,,Foi positiva e vantajosa,
13/02/2023 22:57:04,Sim,2012,Ensino Médio Regular,"Bom eu gostava de tudo mas o show de talentos e as feiras que eram promovidas eram muito legais! As aulas de português com a Silvia, história com a Francesly, Geografia com a Akiko etc.","Aprender a aprender, Capacidade de coordenação, Capacidade de resolução de problemas, Comunicação e Oratória, Consciência Social e Cultural, Criatividade, Inteligência Emocional, Pensamento crítico, Resiliência, Tomada de decisão, Trabalho em equipe",Sinto que a etec me preparou melhor para o enem e foi por isso que consegui uma pontuação boa para ganhar bolsa 100% na universidade. ,Na época era proximo a divisa com guainases e eu não me sentia muito segura na região. Não conheço o novo local.,Foi positiva e extremamente vantajosa,
13/02/2023 23:06:25,Sim,2016,Ensino Médio Integrado ao Técnico em Administração,,"Aprender a aprender, Trabalho em equipe",,,Foi positiva e vantajosa,
13/02/2023 23:19:37,Sim,2011,Ensino Médio Regular,"Tive excelentes professores que me marcaram de tal forma, que posso ouvir a voz deles explicando as matérias em minha lembrança professores como Silvia, Maria Akiko, Rose, Adriano e Francesly. Foi um período de muito aprendizado, que me orgulho até hoje e tenho muito carinho. Nossa turma foi a 2a de Ensino Médio, então a ETEC era ""vazia"" e completa de nerds que se dedicavam a estudar muito, caprichar nos fichamentos de história, fazer ótimas peças de teatro e participar dos shows de talentos. Ou simplesmente, ler um romance na hora do intervalo. Tínhamos quase um clube do livro!","Aprender a aprender, Capacidade de coordenação, Capacidade de resolução de problemas, Comunicação e Oratória, Consciência Social e Cultural, Criatividade, Flexibilidade para negociar, Gestão de tempo, Inteligência Emocional, Pensamento crítico, Resiliência, Tomada de decisão, Trabalho em equipe, Resistência e foco durante horas que me ajudaram em provas/concursos.","Conhecimentos aplicáveis em vestibulares e concursos. Criatividade e visão holística, que aplico hoje em dia no trabalho também. Além dos muitos seminários que me ajudaram na gradação que fiz e na profissão que exerço. Muito obrigada!","A Etec era pequena na época, então faltava um auditório, merenda no intervalo e a localização: demorava em torno de 1h15 no percurso, mesmo morando em Ferraz. Gostaria de ter tido mais foco para aproveitar e aplicar melhor os conteúdos das aulas.",Foi positiva e extremamente vantajosa,
13/02/2023 23:28:47,Sim,2019,Técnico em Admnistração,"Muita união, muito aprendizado, muitas saudades.","Gestão de tempo, Trabalho em equipe",Muita disponibilidade dos colaboradores para ensinar.,,Foi positiva e extremamente vantajosa,
13/02/2023 23:33:50,Sim,2014,Ensino Médio Integrado ao Técnico em Administração,,"Aprender a aprender, Capacidade de coordenação, Capacidade de resolução de problemas, Consciência Social e Cultural, Criatividade, Flexibilidade para negociar, Gestão de tempo, Pensamento crítico, Tomada de decisão, Trabalho em equipe",,,Foi positiva e extremamente vantajosa,
13/02/2023 23:34:43,Sim,2016,Ensino Médio Integrado ao Técnico em Administração,"Professores muito engajados com minha sala, votação para escolha do novo diretor (William), retorno da professora Cleide após puerpério, implantação dos almoços, interclasses que era uma verdadeira lavação de roupa suja.
Seminários tristes e sombrios.
Leitura obrigatória fuvest
Visitas técnicas com Denise Tieko","Aprender a aprender, Capacidade de coordenação, Capacidade de resolução de problemas, Comunicação e Oratória, Consciência Social e Cultural, Criatividade, Flexibilidade para negociar, Gestão de tempo, Pensamento crítico, Resiliência, Tomada de decisão, Trabalho em equipe",,,Foi positiva e extremamente vantajosa,
13/02/2023 23:41:09,Sim,2014,Ensino Médio Regular,Professores maravilhosos que sempre incentivam a darmos o noss melhor nos trabalhos. ,"Aprender a aprender, Capacidade de coordenação, Capacidade de resolução de problemas, Comunicação e Oratória, Consciência Social e Cultural, Criatividade, Flexibilidade para negociar, Gestão de tempo, Inteligência Emocional, Pensamento crítico, Resiliência, Tomada de decisão",Professores; currículo; liberdade.,Estrutura (estudei antes da mudança para a sede definitiva),Foi positiva e extremamente vantajosa,
13/02/2023 23:47:46,Sim,2012,Ensino Médio Regular,"Foi uma fase importante de conhecimento, auto conhecimento, aprendizado e vivências que jamais serão esquecidas!","Aprender a aprender, Comunicação e Oratória, Consciência Social e Cultural, Criatividade, Inteligência Emocional, Pensamento crítico, Trabalho em equipe","Conhecimento, aprendizado, vivências culturais, trocas de conhecimento.",Não houveram,Foi positiva e extremamente vantajosa,
13/02/2023 23:51:35,Sim,2016,Ensino Médio Regular,,"Aprender a aprender, Capacidade de resolução de problemas, Criatividade, Flexibilidade para negociar, Pensamento crítico, Tomada de decisão, Trabalho em equipe",,,Foi positiva e vantajosa,
13/02/2023 23:53:45,Sim,2011,Ensino Médio Regular,"Melhor período escolar. Professores queridos e dedicados, que se mostravam acolhedores e encorajadores! Tempo de descoberta, tenho certeza que influenciou em meu caminho para a graduação e pós. Além disso, um dos poucos espaços que dão voz aos alunos e alunas e promovem ambiente em que a educação pode ser realmente crítica e libertadora! ❤️","Aprender a aprender, Capacidade de resolução de problemas, Consciência Social e Cultural, Criatividade, Pensamento crítico, Resiliência, Tomada de decisão, Trabalho em equipe","Absolutamente tudo. A etec não prepara para vestibulares e afins, mas para a vida! Me sinto privilegiada por ter estudado em uma ",Nenhum. ,Foi positiva e extremamente vantajosa,
14/02/2023 00:03:01,Sim,2016,Ensino Médio Regular,,"Aprender a aprender, Capacidade de coordenação, Capacidade de resolução de problemas, Comunicação e Oratória, Consciência Social e Cultural, Criatividade, Flexibilidade para negociar, Gestão de tempo, Inteligência Emocional, Pensamento crítico, Resiliência, Tomada de decisão, Trabalho em equipe",,,Foi positiva e vantajosa,
14/02/2023 00:45:49,Sim,2013,Ensino Médio Regular,,"Aprender a aprender, Comunicação e Oratória, Consciência Social e Cultural, Criatividade, Flexibilidade para negociar, Gestão de tempo, Resiliência, Trabalho em equipe","Professores altamente qualificados, ambiente propício para o treinamento e desenvolvimento de habilidades (não só acadêmicas, mas para a vida), amizades que perduram anos após a conclusão do EM.","Alguns (poucos) professores com atitudes antiéticas e a pouca intervenção e discussão em temas de saúde mental, que são fundamentais para jovens da faixa etária do EM.",Foi positiva e extremamente vantajosa,
14/02/2023 05:11:36,Sim,2019,Técnico em Logística,"Professores altamente capacitados, amigos que levo até hoje.",Resiliência,Olha eu aprendi pra caramba. Me rendeu uma promoção no emprego.,"Só na parte da alimentação, que nos dia de chuva, não tinha uma cobertura, se chovesse.",Foi positiva e extremamente vantajosa,
14/02/2023 06:04:02,Sim,2015,Ensino Médio Integrado ao Técnico em Informática,Ótimos professores ,"Capacidade de resolução de problemas, Comunicação e Oratória, Consciência Social e Cultural, Criatividade, Gestão de tempo, Inteligência Emocional, Trabalho em equipe",,,Foi positiva e vantajosa,
14/02/2023 06:22:29,Sim,2018,Ensino Médio Integrado ao Técnico em Administração,,"Capacidade de coordenação, Capacidade de resolução de problemas, Comunicação e Oratória, Flexibilidade para negociar, Gestão de tempo",,,Foi positiva e vantajosa,
14/02/2023 06:48:46,Sim,2016,Ensino Médio Integrado ao Técnico em Informática,"O periodo que passei estudei na ETEC foi extremamente corrido, pois na época fazia alguns cursos em paralelo para me aperfeiçoar ainda mais e ainda estudava pro enem, mas me lembro de alguns momentos como: festa das nações que foi um momento que precisamos utilizar muito de habilidades de oratória e negociação para explicar sobre a cultural do pais que escolhemos e também vender os nossos produtos, lembro me também das aulas de Inglês, que apesar de naquela época eu ser um pouco ruim nelas, ate hoje levo alguns ensinamentos para o meu dia a dia,  fora isso também foi um momento bom para fazer amigos e entender se a área que escolhi era realmente a que eu iria seguir.","Aprender a aprender, Capacidade de resolução de problemas, Comunicação e Oratória, Flexibilidade para negociar, Inteligência Emocional, Pensamento crítico, Tomada de decisão, Trabalho em equipe",Toda a base técnica e interpessoal que futuramente utilizei na faculdade aprendi graças a ETEC e isso se deu deviso a insistência dos professores em fazer os alunos melhorarem,Acredito que o ponto negativo foi não ter maturidade suficiente para prestar atenção em algumas aulas importantes que teriam sido úteis hoje.,Foi positiva e extremamente vantajosa,
14/02/2023 07:09:21,Sim,2011,Ensino Médio Integrado ao Técnico em Administração,Ambiente incentivados e de grande aprendizagem ,"Aprender a aprender, Capacidade de coordenação, Capacidade de resolução de problemas, Comunicação e Oratória, Consciência Social e Cultural, Criatividade, Inteligência Emocional, Pensamento crítico, Resiliência, Tomada de decisão, Trabalho em equipe","Professores comprometidos, todos os alunos gostavam e se dedicavam a entregar sempre o melhor resultado possível",No período em que estudei a estrutura era pequena e com poucos recursos,Foi positiva e extremamente vantajosa,
14/02/2023 07:44:39,Sim,2012,Ensino Médio com Habilitação Profissional de Técnico em Administração - (M-Tec),"Ensino de qualidade, professores engajados  ensino diferenciado. Sempre digo que foram os 3 melhores anos da minha vida ❤️","Aprender a aprender, Capacidade de coordenação, Capacidade de resolução de problemas, Comunicação e Oratória, Consciência Social e Cultural, Criatividade, Flexibilidade para negociar, Gestão de tempo, Inteligência Emocional, Pensamento crítico, Resiliência, Tomada de decisão, Trabalho em equipe","Aprendi a desenvolver raciocínio crítico, criatividade e a me comunicar de forma esclarecida.",Sem pontos negativos.,Foi positiva e extremamente vantajosa,
14/02/2023 08:10:28,Sim,2017,Ensino Médio Regular,"A ETEC fez com que minha adolescência fosse algo memorável. Fiz amigos para uma vida toda, tive consciência de qje era capaz de conseguir chegar até uma graduação e assim fiz. Hoje como Psicóloga, vejo como os professores e funcionários realmente conseguem influenciar de forma positiva os alunos em seu dia a dia.","Aprender a aprender, Capacidade de coordenação, Capacidade de resolução de problemas, Comunicação e Oratória, Consciência Social e Cultural, Criatividade, Flexibilidade para negociar, Gestão de tempo, Inteligência Emocional, Pensamento crítico, Resiliência, Tomada de decisão, Trabalho em equipe","Poder me conhecer mais, criar vínculos com pessoas importantes até hoje, aprender a importância da educação na minha formação, ver o mundo com outros olhos e enxergar oportunidades.","A falta de assistência do Estado em muitos momentos (alimentação, estrutura naquela época, apoio emocional e psicológico).",Foi positiva e extremamente vantajosa,
14/02/2023 08:12:30,Sim,2014,Ensino Médio Integrado ao Técnico em Administração,,"Criatividade, Inteligência Emocional, Pensamento crítico, Tomada de decisão, Trabalho em equipe",,,Foi positiva e vantajosa,
14/02/2023 08:13:42,Sim,2021,Técnico em Segurança do Trabalho,,Aprender a aprender,,,Foi positiva e vantajosa,
14/02/2023 09:02:16,Sim,2013,Ensino Médio Regular,,"Capacidade de resolução de problemas, Comunicação e Oratória, Consciência Social e Cultural, Pensamento crítico, Tomada de decisão, Trabalho em equipe",,,Foi positiva e extremamente vantajosa,
14/02/2023 10:16:44,Sim,2022,Ensino Médio Regular,"Bom não teve muito lembranças pois entrei em 2020 e foi até 2022 porém às lembranças foi do ano passado com as palavras, orquestra e principalmente as amizades que eu fiz.","Aprender a aprender, Capacidade de coordenação, Capacidade de resolução de problemas, Consciência Social e Cultural, Criatividade, Tomada de decisão, Trabalho em equipe","Pontos positivos que a Etec tem é coisas que só tem lá, como cursos específicos para os alunos, intercâmbio e outras coisas, como disse acima não tive o privilégio que viver por inteira a Etec mas foi incrível estado lá.",Bom não tem muito pontos negativos sobre a ETEC e sim sobre a localização dela que é algo de muitos assaltos e tem alguns professores horríveis mas são poucos.,Foi positiva e vantajosa,
14/02/2023 10:49:05,Sim,2019,Ensino Médio Integrado ao Técnico em Administração,,"Aprender a aprender, Capacidade de resolução de problemas, Pensamento crítico, Resiliência, Trabalho em equipe",,,Foi positiva e vantajosa,
14/02/2023 10:57:28,Sim,2019,Técnico em Admnistração,Otimos professores,"Flexibilidade para negociar, Gestão de tempo, Pensamento crítico, Tomada de decisão",,,Foi positiva e vantajosa,
14/02/2023 11:45:44,Sim,2015,Ensino Médio Integrado ao Técnico em Informática,Período de grande aprendizado e grandes amizades ,"Aprender a aprender, Capacidade de resolução de problemas, Comunicação e Oratória, Gestão de tempo, Tomada de decisão, Trabalho em equipe","Ensino técnico sem dúvidas é o diferencial, período integral, excelentes professores ","Na minha época pelo menos, ausência de material didático e localização ",Foi positiva e extremamente vantajosa,
14/02/2023 11:47:47,Sim,2021,Ensino Médio Regular,"Tive alguns professores muito bons que me ajudaram muito e sou extremamente grato, outros nem tanto e amigos maravilhosos que fiz lá ","Capacidade de resolução de problemas, Comunicação e Oratória, Consciência Social e Cultural, Trabalho em equipe",,,Foi positiva e vantajosa,
14/02/2023 11:47:52,Sim,2013,Ensino Médio Regular,"Professores bons, diversas atividades interclasses o que era muito positivo ","Aprender a aprender, Capacidade de coordenação, Capacidade de resolução de problemas, Comunicação e Oratória, Pensamento crítico, Trabalho em equipe","Os professores, os trabalhos e debates ",A estrutura ainda não era tão boa ,Foi positiva e extremamente vantajosa,
14/02/2023 11:56:40,Sim,2018,Técnico em Logística,,"Aprender a aprender, Capacidade de coordenação, Capacidade de resolução de problemas, Comunicação e Oratória, Flexibilidade para negociar, Trabalho em equipe",,,Foi positiva e extremamente vantajosa,
14/02/2023 13:55:07,Sim,2019,Ensino Médio Integrado ao Técnico em Administração,,"Comunicação e Oratória, Consciência Social e Cultural, Criatividade, Flexibilidade para negociar, Gestão de tempo, Pensamento crítico, Tomada de decisão, Trabalho em equipe",bons profissionais,"ambiente pouco acolhedor e preconceituoso, falta de preparação psicológica para com o aluno devido altas cobranças ",Foi negativa e pouco vantajosa,
14/02/2023 14:33:26,Sim,2017,Ensino Médio com Habilitação Profissional de Técnico em Administração - (M-Tec),Emocionantes,"Aprender a aprender, Capacidade de coordenação, Capacidade de resolução de problemas, Comunicação e Oratória, Consciência Social e Cultural, Criatividade, Gestão de tempo, Inteligência Emocional, Pensamento crítico, Tomada de decisão, Trabalho em equipe",,,Foi positiva e extremamente vantajosa,
14/02/2023 18:39:09,Sim,2013,Ensino Médio Regular,Problemas de infraestrutura porém corpo docente engajado e boa cultura escolar,"Comunicação e Oratória, Consciência Social e Cultural, Inteligência Emocional, Resiliência, Trabalho em equipe","Bastante diversidade, aprendi a respeitar os outros e fiz amizades com pessoas que dificilmente teria acesso fora do ambiente escolar",Infraestrutura precária e podiam ter investido mais em disseminar a cultura das olimpíadas escolares,Foi positiva e extremamente vantajosa,
14/02/2023 20:33:14,Sim,2016,Ensino Médio com Habilitação Profissional de Técnico em Administração - (M-Tec),Fiz ótimos amigos que mantenho até hoje e tive professores maravilhosos ,"Aprender a aprender, Comunicação e Oratória, Consciência Social e Cultural, Trabalho em equipe",,,Foi positiva e vantajosa,
14/02/2023 21:40:59,Sim,2013,Ensino Médio Regular,,"Aprender a aprender, Capacidade de resolução de problemas, Comunicação e Oratória, Tomada de decisão, Trabalho em equipe",,,Foi positiva e extremamente vantajosa,
14/02/2023 22:21:37,Sim,2016,Técnico em Admnistração,,"Capacidade de coordenação, Capacidade de resolução de problemas, Comunicação e Oratória, Pensamento crítico, Tomada de decisão, Trabalho em equipe","Professor Ademir, grande professor! A maioria dos professores passavam muito bem o conhecimento a diante e exploravam o pensamento critico. ",Omar assediava as alunas em troca de nota no TCC.,Foi positiva e vantajosa,
15/02/2023 05:48:04,Sim,2022,Ensino Médio com Habilitação Profissional de Técnico em Programação de Jogos Digitais - (M-Tec),,"Aprender a aprender, Capacidade de coordenação, Capacidade de resolução de problemas, Comunicação e Oratória, Inteligência Emocional, Pensamento crítico, Tomada de decisão",,,Foi positiva e vantajosa,
15/02/2023 06:58:52,Sim,2016,Ensino Médio Regular,,"Aprender a aprender, Capacidade de coordenação, Capacidade de resolução de problemas, Comunicação e Oratória, Consciência Social e Cultural, Criatividade, Flexibilidade para negociar, Pensamento crítico, Resiliência, Trabalho em equipe",,,Foi positiva e extremamente vantajosa,
15/02/2023 09:54:15,Sim,2018,Ensino Médio Integrado ao Técnico em Administração,"Assédio da parte dos professores.
A terrível volta de professor Omar que foi afastado por assédio.
Professores religioso que utilizavam da sua opinião pessoal para passar uma ideologia para alunos.
Professora do ensino técnico de administração humilhando e diminuindo alunos.
 
Melhor orientador de TCC e amigo foi o Luiz Inácio.

","não me ensinou a lidar, me apresentou situações eu que eu sozinha precisei me virar pq a escola e o corpo docente nunca deu um apoio.",as pessoas conhecidas,"humilhação diária
",Foi negativa e pouco vantajosa,
15/02/2023 20:48:22,Sim,2015,Ensino Médio Integrado ao Técnico em Administração,,"Aprender a aprender, Capacidade de coordenação, Capacidade de resolução de problemas, Comunicação e Oratória, Consciência Social e Cultural, Criatividade, Flexibilidade para negociar, Gestão de tempo, Pensamento crítico, Tomada de decisão, Trabalho em equipe",,,Foi positiva e extremamente vantajosa,
15/02/2023 22:50:42,Sim,2015,Ensino Médio Regular,"Seminários diferentes e animados, amizades, risadas, danças, aula de educação física, debates de sociologia, apresentações. ","Aprender a aprender, Consciência Social e Cultural, Resiliência, Trabalho em equipe","Muito aprendizado, aprendemos que somos capazes de conquistar o que quisermos com muito estudo e dedicação. ","Ao meu ver, não houve pontos negativos. ",Foi positiva e extremamente vantajosa,
16/02/2023 11:48:44,Sim,2013,Ensino Médio Regular,"Como vim de escola pública do estado o ensino era bem puxado e isso foi muito benéfico, além de fazer o ensino médio fiz também o curso técnico de informática que me deu uma profissão que hoje me faz ser bem sucedido profissionalmente.","Aprender a aprender, Capacidade de resolução de problemas, Comunicação e Oratória, Pensamento crítico","Disciplina, professores excelentes.","Na época a instalação da ETEC era bem precária e era muito mal localizada, não tinha segurança nenhuma nas redondezas e haviam muitos furtos.",Foi positiva e extremamente vantajosa,
16/02/2023 13:28:28,Sim,2019,Ensino Médio Integrado ao Técnico em Administração,"Uma parte muito importante da minha vida, no qual formei uma família com colegas de classe, professores e colaboradores. A etec proporciona um ensino e projetos ótimos.","Aprender a aprender, Capacidade de coordenação, Capacidade de resolução de problemas, Consciência Social e Cultural, Criatividade, Flexibilidade para negociar, Gestão de tempo, Tomada de decisão, Trabalho em equipe",,,Foi positiva e extremamente vantajosa,
16/02/2023 20:35:57,Sim,2016,Ensino Médio Integrado ao Técnico em Informática,A etec ajudou a formar a pessoa que sou hoje. Todas as experiências com os colegas e a preocupação dos professores foram muito importantes para minha decisão de faculdade.,"Capacidade de resolução de problemas, Comunicação e Oratória, Consciência Social e Cultural, Flexibilidade para negociar, Gestão de tempo, Inteligência Emocional, Resiliência, Tomada de decisão, Trabalho em equipe","Professores bons. Direção presente, laboratórios dê informática",Tamanho da escola no prédio antigo. ,Foi positiva e extremamente vantajosa,